iso3,ACCESS-CM2,AWI-CM-1-1-MR,CAS-ESM2-0,CESM2-WACCM,CESM2,CMCC-CM2-SR5,CMCC-ESM2,FIO-ESM-2-0,GISS-E2-1-G,GISS-E2-1-H,HadGEM3-GC31-LL,MPI-ESM1-2-HR,NorESM2-MM,TaiESM1,UKESM1-0-LL
AFG,27.14727783203125,24.08169174194336,-10.762362480163574,-1.7093113660812378,17.495502471923828,17.172243118286133,24.598541259765625,4.770366191864014,-11.96961784362793,-12.007562637329102,4.311153888702393,-30.946815490722656,27.639577865600586,2.6202476024627686,20.66244125366211
AGO,47.99735641479492,-0.86663818359375,28.415964126586914,89.84112548828125,138.56057739257813,16.147859573364258,24.275142669677734,32.844207763671875,51.67924499511719,53.118099212646484,33.89108657836914,61.00313949584961,80.48869323730469,25.00862693786621,18.527931213378906
ALB,-5.326709747314453,-28.01815414428711,3.416455030441284,-56.30299758911133,-60.54065704345703,35.35951614379883,-7.447642803192139,-17.454776763916016,-35.5958366394043,-43.173797607421875,33.77879333496094,-41.3873291015625,-61.92790222167969,-44.431610107421875,-11.173299789428711
ARE,13.262802124023438,7.132692813873291,10.260517120361328,-0.38444745540618896,2.165513753890991,10.281207084655762,10.400914192199707,5.857969760894775,-2.5090649127960205,0.18842650949954987,4.312489032745361,1.5134063959121704,-12.462109565734863,8.383302688598633,9.982473373413086
ARG,20.11443328857422,3.807079315185547,26.603395462036133,66.8141860961914,78.47761535644531,20.751585006713867,32.18935012817383,53.141788482666016,17.00371551513672,64.19245147705078,22.5302791595459,2.027315139770508,12.232439041137695,40.441856384277344,24.619525909423828
ARM,20.689992904663086,-6.51467227935791,12.880192756652832,16.7569637298584,24.769306182861328,41.95108413696289,33.753196716308594,19.053081512451172,-5.0055317878723145,0.5239550471305847,-4.33387565612793,32.17585372924805,18.225690841674805,8.916537284851074,4.524838447570801
AUS,-19.416912078857422,-12.47214126586914,-28.125926971435547,4.38688325881958,-29.32951545715332,16.713214874267578,-11.698236465454102,-3.4880218505859375,-29.99028205871582,-30.44337272644043,-27.099119186401367,-32.0907096862793,-46.1899528503418,-21.358898162841797,-17.204294204711914
AUT,5.910140514373779,-18.18175506591797,8.547490119934082,-21.94443702697754,-23.76136589050293,42.310184478759766,38.34759521484375,8.322498321533203,-21.799299240112305,12.337381362915039,-13.939882278442383,-7.36915397644043,-26.183656692504883,-10.82452392578125,-1.2832070589065552
AZE,32.773399353027344,-3.7164742946624756,12.728827476501465,6.833849906921387,17.150074005126953,29.13090705871582,12.425644874572754,2.000680446624756,0.6118203997612,7.367438316345215,29.53525161743164,20.620838165283203,13.083976745605469,11.550625801086426,11.991724014282227
BDI,21.079320907592773,0.291393905878067,94.5449447631836,58.88935852050781,118.00531768798828,143.97808837890625,149.1260986328125,104.1641845703125,37.67691421508789,46.728492736816406,-48.45316696166992,-94.82731628417969,122.70846557617188,229.3797607421875,2.095787763595581
BEL,-11.105926513671875,-24.7575626373291,25.212255477905273,-15.037534713745117,2.2066543102264404,27.46074867248535,44.391990661621094,16.641162872314453,-49.73401641845703,-43.130008697509766,0.24915990233421326,21.54345703125,-32.63471603393555,-3.629275321960449,-7.324923515319824
BEN,9.15613079071045,-6.847691059112549,25.659202575683594,-92.78768157958984,-51.02092361450195,73.57745361328125,79.608123779296875,21.939970016479492,-1.9789247512817383,-18.447933197021484,21.86631965637207,-32.50823211669922,57.45516586303711,28.79075050354004,12.196708679199219
BFA,18.672969818115234,62.43197250366211,-6.191376209259033,-82.88890075683594,-86.4674072265625,82.94965362548828,64.07640838623047,4.977301597595215,-26.41938591003418,-24.36925506591797,26.2690486907959,5.4972686767578125,-27.81870460510254,54.98845672607422,6.3394856452941895
BGD,89.48397064208984,99.67964172363281,-51.26495361328125,8.2788724899292,31.2919979095459,49.10966491699219,19.18019676208496,55.420528411865234,44.48905944824219,84.22571563720703,57.086151123046875,55.08391571044922,43.53740310668945,67.73503875732422,50.48005676269531
BGR,-2.397601366043091,-20.124013900756836,-12.150847434997559,-18.512191772460938,-13.236780166625977,32.09650802612305,-4.221325397491455,-11.920971870422363,-25.794734954833984,-31.336498260498047,14.129950523376465,-25.1246395111084,-24.081266403198242,-19.06782341003418,-1.9732979536056519
BHS,65.53082275390625,22.9859619140625,64.49095916748047,39.200199127197266,52.67022705078125,5.780274868011475,-2.9119248390197754,-1.8306117057800293,-25.150802612304688,10.987587928771973,51.23923110961914,61.791866302490234,92.16291046142578,-24.749164581298828,52.155487060546875
BIH,-5.979331970214844,-26.61591339111328,3.708427906036377,-29.78973388671875,-27.34136199951172,46.37432098388672,17.982770919799805,-9.00727367401123,-29.292970657348633,-19.936019897460938,19.70407485961914,-46.541934967041016,-40.09742736816406,-33.64020538330078,-5.427774429321289
BLR,7.953927516937256,6.806751728057861,21.430660247802734,8.685077667236328,5.526288986206055,30.004446029663086,-2.3438355922698975,20.003660202026367,-19.489824295043945,-5.639697074890137,-2.039888858795166,-1.4287188053131104,-9.746477127075195,7.116075038909912,2.742175340652466
BLZ,18.73758316040039,-45.981082916259766,-14.298948287963867,-36.877315521240234,-43.19429397583008,1.7627947330474854,14.97499942779541,-92.47399139404297,-53.49156951904297,-20.403623580932617,-34.34492111206055,-49.70785903930664,-51.62263107299805,-36.08189392089844,-25.943410873413086
BOL,-41.94148254394531,-23.732707977294922,78.00718688964844,-34.097171783447266,2.761227607727051,132.23486328125,119.35017395019531,133.28396606445313,110.6443099975586,48.10139083862305,-28.75969696044922,-12.896297454833984,-122.27100372314453,193.30746459960938,-59.416404724121094
BRA,126.57628631591797,52.48369598388672,14.131898880004883,77.2939682006836,84.6234130859375,-29.335847854614258,-24.392290115356445,18.36940574645996,25.38033676147461,-2.0896310806274414,68.76591491699219,67.19249725341797,30.165382385253906,6.751846790313721,75.63274383544922
BRN,84.224273681640625,142.02809143066406,34.78327941894531,-10.279059410095215,-76.447021484375,232.4241180419922,143.05931091308594,23.07149314880371,-47.105979919433594,-28.664146423339844,99.61568450927734,24.161569595336914,-38.245094299316406,89.80181121826172,15.746390342712402
BTN,20.107975006103516,-65.98787689208984,92.79576873779297,-11.781242370605469,30.27031135559082,285.6353454589844,171.0067138671875,258.0195007324219,306.26910400390625,316.2133483886719,-16.109521865844727,-11.943427085876465,-24.847246170043945,452.9614562988281,31.7532901763916
BWA,0.9398163557052612,-62.114768981933594,-1.757946491241455,-15.873040199279785,-15.76036262512207,-6.205799102783203,2.108382225036621,-19.682092666625977,-14.388656616210938,-1.896928071975708,-12.095703125,-2.838285446166992,-46.811824798583984,-2.9303643703460693,-5.866225719451904
CAF,44.419960021972656,-4.570766448974609,1.515273094177246,-43.91414260864258,3.712261915206909,64.55962371826172,84.39350891113281,59.68608474731445,56.098995208740234,44.483802795410156,31.454174041748047,-66.22862243652344,10.369037628173828,61.35698699951172,27.196941375732422
CAN,41.530025482177734,17.399646759033203,25.629777908325195,40.44203186035156,42.30674743652344,44.82878494262695,46.67117691040039,12.741551399230957,30.68742561340332,38.145057678222656,32.917972564697266,38.328704833984375,58.9940071105957,34.1053466796875,34.32376480102539
CHE,-19.723588943481445,-36.15708923339844,46.339664459228516,-44.94243240356445,-54.05885696411133,38.17615509033203,43.126312255859375,10.970332145690918,-54.165428161621094,-15.1992826461792,5.452851295471191,49.32674026489258,-47.85331726074219,-3.987804412841797,-9.747779846191406
CHL,-5.646265983581543,-64.62153625488281,-12.902685165405273,-31.277589797973633,-32.82139587402344,-13.640832901000977,-30.8822078704834,-4.175683975219727,-53.35611343383789,0.8102990984916687,-13.166266441345215,-58.555931091308594,-26.867937088012695,-34.74247360229492,-4.72614860534668
CHN,61.946006774902344,49.332672119140625,6.127910614013672,41.715206146240234,33.84187698364258,57.25949478149414,76.50897216796875,36.98487091064453,87.9587631225586,69.43962860107422,33.717281341552734,33.161678314208984,42.72590637207031,46.4725456237793,53.92301559448242
CIV,24.09126091003418,-47.77738952636719,-26.039342880249023,-36.41676712036133,-22.96396827697754,111.32695770263672,95.984954833984375,11.006391525268555,-26.212413787841797,-45.94223403930664,17.460712432861328,93.04358673095703,-2.4296066761016846,75.98790740966797,10.939657211303711
CMR,17.998001098632813,35.17790985107422,-122.97592163085938,-15.266329765319824,39.765411376953125,109.23255920410156,146.88833618164063,75.305938720703125,41.50350570678711,36.99576187133789,-19.377553939819336,-6.6441144943237305,113.53752899169922,84.9253921508789,-1.6723328828811646
COD,38.094520568847656,5.444129943847656,10.129148483276367,17.710317611694336,74.9264907836914,50.98970413208008,81.530975341796875,69.13822174072266,27.25364875793457,19.866016387939453,6.691401958465576,-8.445079803466797,63.23097610473633,99.58534240722656,12.5862455368042
COG,28.096960067749023,-39.17393112182617,-19.723901748657227,75.9921875,183.29246520996094,32.449153900146484,53.011295318603516,32.10141372680664,9.267789840698242,2.369600534439087,11.693523406982422,-73.63318634033203,175.7101593017578,79.7984619140625,7.937270641326904
COL,125.26350402832031,-94.50711822509766,-93.249664306640625,-20.989887237548828,-35.19719696044922,12.26158618927002,-38.64891052246094,-39.19660568237305,70.317047119140625,126.95584869384766,37.452003479003906,-142.789794921875,-167.09544372558594,100.0645751953125,15.359953880310059
CRI,82.74677276611328,-1.1763370037078857,-40.70482635498047,-103.59351348876953,-204.6202392578125,-18.840974807739258,-14.25412654876709,-173.9441375732422,34.71614074707031,13.116711616516113,32.37884521484375,108.3427963256836,-92.86824798583984,-107.13128662109375,-68.41859436035156
CUB,44.19681930541992,-21.760847091674805,-2.56839656829834,19.11508560180664,17.16299057006836,23.99126434326172,-0.548087477684021,-9.946554183959961,-70.60917663574219,-2.3854172229766846,29.654817581176758,-46.10396194458008,49.99951171875,-16.720632553100586,14.686661720275879
CYP,-4.997203350067139,5.504415512084961,-22.06954002380371,-32.829219818115234,-32.2636604309082,-3.871009588241577,-2.048295497894287,-5.365269184112549,-33.50680923461914,-16.29414939880371,-12.673107147216797,-46.933616638183594,-60.641510009765625,-21.01665687561035,-4.577060222625732
CZE,8.023082733154297,-8.648487091064453,9.850428581237793,-8.107253074645996,-14.983858108520508,36.000389099121094,12.378194808959961,1.4025393724441528,-13.827122688293457,-3.544945001602173,3.658358573913574,-5.426700115203857,-39.80909729003906,-12.823022842407227,-9.281794548034668
DEU,-0.8818734884262085,-30.09117317199707,16.444345474243164,-10.461837768554688,-6.89914083480835,23.268024444580078,36.92566680908203,16.55489158630371,-30.90741539001465,-22.54467010498047,-6.640966892242432,4.323513031005859,-35.4015007019043,-5.381844520568848,-6.521602630615234
DJI,25.77405548095703,30.71177864074707,67.58802795410156,0.12318071722984314,-0.3752274215221405,67.38652038574219,61.16901397705078,46.211673736572266,-21.33303451538086,4.067109107971191,32.8564567565918,2.9209885597229004,14.261540412902832,21.842832565307617,30.94867515563965
DNK,29.029699325561523,-6.414279937744141,32.25817108154297,4.566319465637207,17.717241287231445,34.94523239135742,39.86801528930664,48.66518783569336,-2.9558300971984863,-15.578275680541992,-13.07462215423584,6.838084697723389,4.583643913269043,46.04121780395508,5.055023193359375
DOM,6.388823509216309,-29.559810638427734,-125.3238754272461,-11.661060333251953,-13.75664234161377,-24.480243682861328,-26.356285095214844,-71.76707458496094,-137.0977325439453,-23.779804229736328,-6.700349807739258,-84.02474212646484,-15.70147705078125,-51.35572052001953,-42.474491119384766
DZA,-27.596752166748047,-26.567569732666016,-34.185237884521484,-26.836843490600586,-29.607065200805664,5.968418121337891,10.178028106689453,-22.135404586791992,-27.269922256469727,-18.993999481201172,-19.476530075073242,-73.5527114868164,-6.104959487915039,-21.832578659057617,-21.99077606201172
ECU,65.49775695800781,-68.57896423339844,143.9763946533203,187.84727478027344,241.88563537597656,81.81153106689453,-2.992082357406616,118.30455017089844,515.38909912109375,441.58050537109375,-5.803481578826904,-12.640971183776855,22.369953155517578,138.43014526367188,51.680580139160156
EGY,1.737868309020996,-0.41855189204216003,-1.100587010383606,-7.778235912322998,-1.065018892288208,-3.093221426010132,0.49378398060798645,0.5950154066085815,-8.740618705749512,-8.981680870056152,1.051067590713501,-6.14696741104126,-5.356558322906494,1.1252177953720093,0.47052887082099915
ERI,9.67343521118164,46.824554443359375,34.10401916503906,-8.723063468933105,-0.23796264827251434,34.5616569519043,42.973876953125,34.495094299316406,-27.383634567260742,-0.13466180860996246,14.681114196777344,11.180964469909668,4.7696852684021,28.726947784423828,15.478718757629395
ESP,-23.872529983520508,-25.259033203125,1.2655620574951172,-28.447538375854492,-40.021018981933594,-2.417867422103882,11.028726577758789,-24.958904266357422,-29.113039016723633,-11.918604850769043,-9.775227546691895,-51.044681549072266,-12.49991226196289,-13.746508598327637,-17.883508682250977
EST,22.798044204711914,-26.494728088378906,37.01329803466797,19.24758529663086,23.21310806274414,23.342844009399414,16.470720291137695,35.20516586303711,2.9248032569885254,-0.6183791160583496,-16.106779098510742,18.439891815185547,0.08473989367485046,38.51150894165039,17.933855056762695
ETH,34.68545913696289,54.070457458496094,106.35964965820313,106.16508483886719,96.453521728515625,142.43661499023438,113.50338745117188,88.99351501464844,2.3722705841064453,19.748931884765625,48.931129455566406,0.1452944129705429,63.72392272949219,124.71317291259766,42.34168243408203
FIN,29.184383392333984,-28.665555953979492,38.61326599121094,16.357280731201172,22.291316986083984,23.308277130126953,31.72130012512207,34.40803146362305,15.077347755432129,12.6718168258667,-3.201375722885132,3.3315811157226563,10.726234436035156,35.72535705566406,17.550249099731445
FJI,13.015554428100586,-43.91315841674805,-16.896488189697266,-86.093170166015625,-51.701847076416016,63.42504119873047,-45.93138885498047,-43.97591018676758,-53.247371673583984,-69.09361267089844,-38.9052734375,-241.49754333496094,26.598405838012695,-43.52556228637695,-38.386688232421875
FRA,-17.488418579101563,-18.90469741821289,25.854829788208008,-25.765087127685547,-22.02975082397461,24.884273529052734,38.97114944458008,3.3096377849578857,-34.28580093383789,-20.614885330200195,8.052068710327148,20.74622917175293,-13.465883255004883,1.201805830001831,-9.596492767333984
GAB,33.93803024291992,-10.647406578063965,-77.6968994140625,56.225616455078125,160.33348083496094,-42.78667068481445,26.588045120239258,82.9803695678711,75.11893463134766,60.40690994262695,12.227649688720703,5.34209680557251,137.68528747558594,65.78102111816406,32.01673126220703
GBR,9.7350492477417,16.793285369873047,44.60669708251953,-4.049551963806152,5.265679836273193,37.649749755859375,53.85074234008789,22.02650260925293,-22.337730407714844,-35.24768829345703,2.243746042251587,45.56218338012695,8.938667297363281,4.87818717956543,10.70516586303711
GEO,31.366655349731445,-19.401613235473633,8.934822082519531,7.321001052856445,14.985665321350098,32.46371841430664,21.8218936920166,17.886428833007813,-12.346529960632324,-5.5819621086120605,21.311840057373047,44.80792236328125,0.32392197847366333,6.506381034851074,7.222835540771484
GHA,9.469042778015137,28.195919036865234,-41.2900505065918,-63.34022903442383,-26.939733505249023,90.56629180908203,88.6846694946289,-6.912189960479736,-29.58176612854004,-29.503557205200195,12.160468101501465,45.50143814086914,5.0382232666015625,46.861846923828125,6.474283695220947
GIN,7.343451976776123,-51.61428451538086,-35.95656967163086,-119.98844146728516,-104.84077453613281,303.7497863769531,265.66650390625,-38.800209045410156,-20.21596908569336,-28.84409523010254,19.138822555541992,-84.70061492919922,-84.41850280761719,145.41262817382813,-0.7633559107780457
GMB,-13.018048286437988,-103.51512908935547,-35.86698913574219,-104.95626831054688,-103.61602020263672,113.88323974609375,47.938316345214844,-18.747663497924805,-6.662713527679443,-17.37994384765625,-2.0938456058502197,-111.4891586303711,-50.79645538330078,17.88972282409668,-8.701624870300293
GNB,-8.857135772705078,-92.51961517333984,-29.06483268737793,-133.74526977539063,-144.14584350585938,197.40565490722656,106.34248352050781,-50.49924087524414,-10.315028190612793,-27.56710433959961,3.2008984088897705,-107.29363250732422,-83.5184097290039,38.9180793762207,-6.630308628082275
GNQ,23.817398071289063,-9.326934814453125,-181.3748779296875,24.16960906982422,137.5571746826172,-28.280685424804688,14.32224178314209,74.507171630859375,99.69159698486328,87.3939208984375,-0.48824554681777954,-19.66728401184082,136.43780517578125,72.2552261352539,21.457735061645508
GRC,-13.542011260986328,-42.2109489440918,-21.01454734802246,-34.354591369628906,-30.468719482421875,12.007671356201172,-5.402630805969238,-19.122224807739258,-35.32890319824219,-29.741838455200195,-10.157814025878906,-38.52666091918945,-33.787841796875,-19.57643699645996,-10.396503448486328
GTM,58.510719299316406,19.32890510559082,-141.6169891357422,-57.93312454223633,-63.224082946777344,37.345191955566406,1.6312657594680786,-59.00349807739258,-49.80123519897461,-2.3918089866638184,3.9499566555023193,100.16445922851563,-53.94258117675781,-19.593597412109375,-23.96810531616211
GUY,16.80786895751953,-18.736570358276367,-44.060035705566406,-60.72669982910156,-96.10103607177734,-84.01073455810547,-70.696197509765625,-114.12527465820313,-27.13605499267578,-10.454221725463867,-56.30210494995117,-49.33341979980469,-199.51002502441406,-81.01447296142578,5.587770462036133
HND,33.7066535949707,-12.301931381225586,-145.15257263183594,-29.554302215576172,-47.93655776977539,35.426177978515625,-13.090094566345215,-95.2644271850586,-53.625244140625,-7.1041340827941895,-37.12792205810547,32.906978607177734,-79.29529571533203,-31.895784378051758,-43.703857421875
HRV,-11.246609687805176,-17.829174041748047,13.370772361755371,-27.53216552734375,-17.06045913696289,43.789764404296875,30.2425594329834,2.9012279510498047,-19.216087341308594,-10.97944164276123,-1.2811415195465088,-33.113311767578125,-18.050975799560547,-12.110252380371094,-4.837935924530029
HTI,17.193359375,-27.854393005371094,-79.299041748046875,4.254799842834473,-7.462710380554199,19.739177703857422,-23.35169219970703,-54.70804214477539,-113.92830657958984,-18.998008728027344,33.40175247192383,-98.12602233886719,-16.959362030029297,-36.18714141845703,-15.484810829162598
HUN,-4.825247764587402,-14.69197940826416,11.228879928588867,-15.964275360107422,-8.58056640625,45.980838775634766,14.881646156311035,-0.41470640897750854,-12.659423828125,-2.1010725498199463,4.229430675506592,-31.617717742919922,-15.624168395996094,-11.484396934509277,2.0973973274230957
IDN,20.629776000976563,56.1002311706543,-166.9402618408203,101.0533218383789,22.855695724487305,165.5269317626953,12.364876747131348,-47.3660888671875,-31.445497512817383,37.618534088134766,-6.399188995361328,34.086830139160156,-77.0055160522461,63.818397521972656,-15.99144458770752
IND,13.449052810668945,88.40380096435547,36.7667121887207,-10.274622917175293,-15.527863502502441,93.66490173339844,51.11396026611328,13.457109451293945,41.132720947265625,23.36443519592285,47.15154266357422,60.562477111816406,62.777931213378906,34.770530700683594,26.19497299194336
IRL,9.836936950683594,17.95290756225586,41.405029296875,-4.3219895362854,6.0200395584106445,23.786008834838867,51.8474006652832,28.614137649536133,-20.22956657409668,-28.859573364257813,27.345836639404297,32.27431106567383,19.524341583251953,-12.027313232421875,19.76085662841797
IRN,27.95364761352539,13.533992767333984,11.239785194396973,6.12104606628418,14.858977317810059,-0.7802266478538513,15.398734092712402,10.650026321411133,-6.637749671936035,1.100191354751587,19.075151443481445,6.266233921051025,7.37964391708374,9.93970775604248,22.49889373779297
IRQ,18.46084976196289,2.7618675231933594,0.5367279052734375,0.803703784942627,1.9045662879943848,-0.9327509999275208,4.844701766967773,7.8714752197265625,-5.305938243865967,-9.046669006347656,16.731931686401367,-1.9808151721954346,5.295955181121826,6.1898884773254395,17.411832809448242
ISL,23.08722686767578,51.25600051879883,44.131134033203125,-70.72685241699219,-93.50838470458984,51.15171813964844,55.36113739013672,-12.385021209716797,-42.7622184753418,-33.59834289550781,-69.23774719238281,41.2911491394043,-49.76512908935547,4.397256374359131,-28.29232406616211
ISR,16.641986846923828,-11.209792137145996,-4.721827030181885,-20.25615119934082,-16.63578987121582,-16.927310943603516,-13.975109100341797,-1.226152777671814,-33.580230712890625,-10.274893760681152,-0.7620798349380493,-7.372710704803467,-32.28422546386719,-16.6820011138916,-0.037231944501399994
ITA,-10.999460220336914,-31.976055145263672,23.163862228393555,-30.3331298828125,-29.70842170715332,32.71515655517578,34.4647102355957,-11.146143913269043,-22.53782844543457,0.40913116931915283,11.824554443359375,-11.894036293029785,-0.8755096793174744,-5.8949456214904785,-3.5235304832458496
JAM,7.405625343322754,-67.37676239013672,-23.796649932861328,-17.11568260192871,-47.406524658203125,12.987717628479004,-36.430992126464844,-71.36223602294922,-42.78825759887695,-4.149102687835693,9.287755012512207,-57.249237060546875,13.034294128417969,-65.47637939453125,-27.401817321777344
JOR,8.260675430297852,-7.678109169006348,-4.3662896156311035,-13.877598762512207,-8.248620986938477,-13.025666236877441,-5.008102893829346,-0.5916270613670349,-35.58997344970703,-12.483749389648438,1.4425992965698242,-4.429012298583984,-15.644489288330078,-9.842144012451172,0.011403311043977737
JPN,44.029022216796875,65.81256103515625,-25.737394332885742,106.47632598876953,94.77886962890625,48.24041748046875,49.09292221069336,77.88117980957031,87.94032287597656,49.51211929321289,-85.38981628417969,54.166351318359375,43.9403190612793,9.94743824005127,0.4727533459663391
KAZ,28.43451690673828,14.730002403259277,12.212759971618652,8.929706573486328,10.723946571350098,4.888760566711426,10.775049209594727,7.971393585205078,1.6751163005828857,5.2169599533081055,28.645614624023438,29.55280303955078,14.880132675170898,5.5625691413879395,22.36897850036621
KEN,86.228424072265625,36.73652267456055,80.169189453125,165.12869262695313,171.04727172851563,167.251708984375,156.61102294921875,81.49761199951172,83.94825744628906,86.1789779663086,46.025997161865234,14.304499626159668,98.44505310058594,170.36158752441406,76.13770294189453
KGZ,45.824317932128906,27.557992935180664,18.851076126098633,36.51906204223633,40.226749420166016,16.348337173461914,37.216651916503906,23.54913902282715,2.173312187194824,5.927767753601074,6.964352607727051,31.9814453125,50.8822021484375,10.530097007751465,31.54366683959961
KHM,43.03225326538086,-13.408102989196777,-7.247276782989502,-13.957208633422852,-20.85896873474121,141.35313415527344,124.08029174804688,-20.326068878173828,5.136176586151123,-20.361242294311523,78.28962707519531,95.21622467041016,-78.41992950439453,0.003223291365429759,20.36745262145996
KOR,44.2292594909668,77.99169158935547,29.736217498779297,66.72019958496094,49.97177505493164,52.552520751953125,112.55070495605469,44.60595703125,106.26776123046875,72.114166259765625,30.53016471862793,82.41251373291016,71.2435531616211,83.17677307128906,50.424007415771484
KWT,20.094768524169922,5.419073581695557,1.0810550451278687,0.106955885887146,5.575813293457031,2.1202211380004883,7.727735996246338,13.389385223388672,-7.52788782119751,-9.243552207946777,32.29136657714844,2.1591413021087646,11.610514640808105,18.91132926940918,24.420419692993164
LAO,9.20307445526123,69.36766052246094,3.54032301902771,-12.019157409667969,1.9738836288452148,85.53372955322266,88.45491790771484,7.534956455230713,47.24486541748047,46.781654357910156,33.703060150146484,-12.047039031982422,-26.079805374145508,58.58401870727539,-9.97237777709961
LBN,1.9390803575515747,-20.33783531188965,-18.904258728027344,-29.174076080322266,-26.434417724609375,-12.881044387817383,-18.591960906982422,-5.451620578765869,-34.439727783203125,-11.579096794128418,-12.506868362426758,-12.157978057861328,-43.87618637084961,-22.84018325805664,-8.347734451293945
LBR,44.759151458740234,24.72690773010254,-30.920089721679688,-36.164546966552734,-16.87801170349121,153.63705444335938,142.95358276367188,41.374534606933594,8.36140251159668,8.7925262451171875,28.12450408935547,64.85253143310547,-48.12959671020508,139.78138732910156,25.29241371154785
LBY,-1.6696724891662598,-18.313419342041016,-10.158914566040039,-10.877400398254395,-6.875348091125488,-1.7492530345916748,-1.02788507938385,-3.487055778503418,-20.674930572509766,-8.98353385925293,-5.498406887054443,-10.766517639160156,-10.736824035644531,-1.8687450885772705,-1.3841708898544312
LKA,65.36048889160156,37.46347427368164,-34.89149856567383,28.540483474731445,2.473071575164795,109.3014144897461,131.47767639160156,152.7595672607422,80.30284118652344,46.16727066040039,108.49334716796875,183.2445526123047,147.39794921875,120.9161376953125,86.49800109863281
LSO,58.74860763549805,-54.24381637573242,10.87186050415039,50.9488525390625,45.908409118652344,85.3124008178711,40.42414474487305,-9.1033935546875,54.850059509277344,46.93186569213867,59.2047233581543,46.23430252075195,43.109195709228516,87.8229751586914,1.7463276386260986
LTU,6.806511878967285,4.379565715789795,24.857057571411133,18.29128646850586,9.72665023803711,25.32268714904785,6.6871113777160645,40.48277282714844,-7.873761177062988,-15.53290843963623,-14.00396728515625,11.590612411499023,-12.129715919494629,21.753650665283203,3.071815013885498
LUX,-4.747927188873291,-39.497589111328125,22.901559829711914,-21.636075973510742,-6.136083126068115,23.848644256591797,38.70988082885742,14.52414608001709,-58.037967681884766,-31.529146194458008,15.965672492980957,11.506109237670898,-26.477537155151367,-0.310421884059906,-10.990838050842285
LVA,16.043119430541992,-3.9217896461486816,29.452796936035156,22.762516021728516,19.04276466369629,22.42156982421875,7.006221294403076,41.71568298339844,-0.514799952507019,-3.9663498401641846,-15.070838928222656,22.910568237304688,-7.014875888824463,35.327110290527344,7.442394733428955
MAR,-39.20005416870117,-15.161378860473633,-6.357347011566162,-24.102548599243164,-30.753583908081055,-12.355840682983398,-6.568542003631592,-23.22591781616211,-20.1262264251709,-6.89351749420166,-12.444425582885742,-47.78478240966797,-3.6247718334198,-22.934329986572266,-25.114696502685547
MDA,-1.123827576637268,6.366533279418945,-9.384329795837402,-4.8763322830200195,-9.634112358093262,37.3380241394043,-5.941786289215088,-7.229024410247803,-21.926013946533203,-14.41377067565918,20.692047119140625,15.66990852355957,-4.923769950866699,-1.6216554641723633,3.0344645977020264
MDG,-63.080257415771484,-27.811979293823242,-74.93843078613281,10.396063804626465,12.045546531677246,9.488991737365723,-13.710256576538086,40.389076232910156,-30.690340042114258,-16.245040893554688,34.47647476196289,-39.09724807739258,-25.653789520263672,82.20970153808594,-14.956809997558594
MEX,-0.9137882590293884,-64.82453155517578,-45.26041793823242,-73.60834503173828,-63.39214324951172,17.3005313873291,15.38999080657959,-46.689151763916016,-39.781158447265625,-64.4795150756836,-10.841341018676758,-71.083099365234375,-69.96065521240234,-25.3689022064209,9.598215103149414
MKD,-9.013516426086426,-36.60187911987305,-20.37596321105957,-33.84988784790039,-28.925548553466797,35.67874526977539,-2.881073236465454,-10.603249549865723,-71.28997802734375,-79.54292297363281,25.35398292541504,-41.670345306396484,-34.04051971435547,-25.864185333251953,-7.0062689781188965
MLI,10.145678520202637,-15.301285743713379,-26.981393814086914,-82.72672271728516,-87.1138916015625,91.66053009033203,67.96931457519531,1.1035360097885132,-20.10738182067871,-24.9228515625,2.558366537094116,-20.835542678833008,-39.36017990112305,29.74161720275879,-6.799073219299316
MMR,86.50563049316406,80.4931640625,-5.198389053344727,27.838529586791992,55.46765899658203,103.82131958007813,117.71613311767578,29.736045837402344,182.07736206054688,79.36247253417969,161.60003662109375,21.038637161254883,74.14100646972656,106.88267517089844,109.56876373291016
MNE,5.801222324371338,-15.02169132232666,-6.202313423156738,-49.434932708740234,-51.31581115722656,50.02534484863281,9.746341705322266,-9.755016326904297,-68.03797912597656,-31.133804321289063,38.07244873046875,-26.362300872802734,-63.31212615966797,-48.09986877441406,-4.490840435028076
MNG,16.644691467285156,8.838027000427246,29.971590042114258,11.637458801269531,17.467073440551758,26.79127311706543,39.219200134277344,20.5772705078125,14.551578521728516,19.224384307861328,22.03276252746582,42.5355224609375,20.682350158691406,12.101210594177246,25.973541259765625
MOZ,-62.85892105102539,-32.731483459472656,-24.238330841064453,-8.537466049194336,-28.442638397216797,17.271709442138672,6.177490711212158,3.3266937732696533,-20.01131820678711,-42.2440071105957,-54.12136459350586,-27.567914962768555,-26.78114128112793,23.114822387695313,-8.851113319396973
MRT,1.1456997394561768,-14.214720726013184,-14.50168228149414,-31.931711196899414,-33.37773513793945,13.863699913024902,6.616858959197998,-5.322922706604004,-18.675765991210938,-22.763139724731445,1.249427318572998,-7.289106845855713,-24.175369262695313,3.0215766429901123,-1.455910086631775
MWI,-67.68470764160156,9.630415916442871,-3.5453031063079834,23.743988037109375,4.543022632598877,26.616975784301758,10.565592765808105,16.516681671142578,9.364681243896484,-26.834535598754883,-50.08572006225586,17.122188568115234,-42.83597183227539,31.687700271606445,-13.86281681060791
MYS,73.11580657958984,185.67359924316406,-170.572265625,17.844329833984375,-59.61355209350586,96.29423522949219,66.55985260009766,-17.52891731262207,-13.450723648071289,-2.6745011806488037,23.603078842163086,84.63446044921875,-40.85356903076172,-3.377248525619507,11.960569381713867
NAM,0.8724538683891296,-38.79067611694336,-1.8486013412475586,4.2070393562316895,-1.4497979879379272,-31.625038146972656,-21.152996063232422,-21.37895965576172,-7.025636672973633,-5.3925461769104,-1.4566012620925903,-50.38740921020508,-11.311446189880371,-27.454713821411133,-4.749358654022217
NCL,-40.46989059448242,-24.367130279541016,-9.032214164733887,6.341330528259277,13.620174407958984,9.85400390625,8.803190231323242,50.47075271606445,-23.693584442138672,-26.711315155029297,-32.377559661865234,-105.9547348022461,8.350285530090332,29.22160530090332,-41.37520980834961
NER,12.752786636352539,90.531341552734375,-12.584176063537598,-50.989662170410156,-37.75072479248047,68.60588836669922,56.75078582763672,7.223357200622559,-32.12053680419922,-16.09451675415039,14.429145812988281,11.523575782775879,4.225848197937012,36.13383865356445,11.384943962097168
NGA,19.01940155029297,20.326671600341797,-80.1457290649414,-86.68091583251953,-46.70315170288086,60.88139724731445,84.0627670288086,33.6650276184082,4.470860958099365,-9.877873420715332,17.060625076293945,-19.97108268737793,74.1440200805664,36.62334060668945,15.049528121948242
NIC,64.04656982421875,-65.2153091430664,-74.13945007324219,-109.17792510986328,-148.1925506591797,12.04521369934082,-24.050601959228516,-95.69903564453125,-40.31751251220703,1.8523337841033936,-74.36426544189453,-10.61085033416748,-126.16311645507813,-35.25267791748047,-99.17552947998047
NLD,-5.831511497497559,-22.521543502807617,24.687376022338867,-7.899440288543701,9.485286712646484,32.12748336791992,45.127986907958984,23.41282081604004,-42.49641418457031,-39.602020263671875,-12.772211074829102,16.960542678833008,-35.16859817504883,-2.511218786239624,-7.668431282043457
NOR,56.03691864013672,40.65910720825195,42.339195251464844,7.964169025421143,13.274418830871582,47.08580780029297,60.847782135009766,35.871578216552734,41.13139724731445,34.79983139038086,14.755209922790527,64.765167236328125,7.203660488128662,49.36937713623047,24.565793991088867
NPL,-71.87163543701172,67.06159973144531,118.8178939819336,-161.33682250976563,-127.11346435546875,196.21038818359375,126.5390396118164,75.13951110839844,33.85932159423828,82.20030975341797,-28.942237854003906,-91.7635498046875,-120.37226867675781,210.58473205566406,-26.714632034301758
NZL,33.33953094482422,14.401357650756836,9.52862548828125,26.09317398071289,17.141937255859375,13.198869705200195,19.8812313079834,25.377246856689453,30.899057388305664,30.9809513092041,38.616477966308594,19.56911277770996,11.654285430908203,3.6850385665893555,32.429290771484375
OMN,10.625404357910156,9.097434043884277,13.859179496765137,1.5378398895263672,1.6919710636138916,22.728376388549805,15.389330863952637,5.901546478271484,-5.423325538635254,-1.4852758646011353,4.948484420776367,0.7870295643806458,3.800628185272217,12.293007850646973,9.127418518066406
PAK,18.065608978271484,53.017887115478516,15.241195678710938,-5.498504638671875,-2.340725898742676,42.26007080078125,8.346747398376465,2.095665693283081,-7.953396797180176,-9.421553611755371,19.6164608001709,-2.7972962856292725,50.791717529296875,-1.8734591007232666,17.084230422973633
PAN,119.70589447021484,245.64715576171875,128.94647216796875,-87.17761993408203,-215.7901153564453,-18.668088912963867,-5.792832851409912,-144.14341735839844,37.8242301940918,47.67257308959961,94.32433319091797,171.80496215820313,19.887775421142578,-100.60164642333984,53.07398223876953
PER,82.485504150390625,-2.664708137512207,123.52783203125,117.11434173583984,194.40582275390625,120.25153350830078,92.18531799316406,141.8576202392578,91.62975311279297,45.96771240234375,64.1939697265625,75.49559020996094,-46.61884689331055,155.14077758789063,71.84490966796875
PHL,36.865257263183594,173.43649291992188,-40.14530944824219,1.8512462377548218,-18.712543487548828,84.66910552978516,101.2590560913086,18.38275718688965,57.07148742675781,-12.09093952178955,67.3055648803711,-22.685781478881836,17.454195022583008,-9.694063186645508,42.72483444213867
PNG,-1.0440667867660522,76.16687774658203,41.216949462890625,165.74363708496094,249.46189880371094,310.4092712402344,228.65330505371094,66.20661926269531,63.09466552734375,46.04376983642578,2.797804594039917,60.3786735534668,96.25276947021484,150.25875854492188,22.689048767089844
POL,2.3538777828216553,-10.732471466064453,16.719621658325195,2.2944798469543457,-5.031970977783203,21.05875015258789,8.502584457397461,16.693458557128906,-21.25428009033203,-11.667427062988281,-5.100587368011475,9.738279342651367,-24.789743423461914,-7.485390663146973,-0.8133785128593445
PRI,13.494912147521973,-93.8019027709961,-23.253557205200195,-34.183570861816406,-21.28502655029297,-20.960336685180664,-10.775700569152832,-65.17378234863281,-76.365264892578125,-22.71350860595703,-41.74263381958008,-168.21627807617188,18.14154815673828,-44.378963470458984,-63.73862838745117
PRT,-21.34173583984375,44.389041900634766,14.999390602111816,-35.0625,-36.08718490600586,-20.947595596313477,7.01616907119751,-34.90818786621094,-61.63936233520508,-3.219904899597168,42.33779525756836,-55.9007453918457,15.463566780090332,-19.963886260986328,-1.147168755531311
PRY,133.3194122314453,-51.03127670288086,33.33668518066406,74.47606658935547,115.97370147705078,-11.668608665466309,12.702555656433105,68.97925567626953,68.48542022705078,38.78728103637695,70.03733825683594,119.0340576171875,106.44861602783203,25.28750991821289,107.42809295654297
QAT,10.291043281555176,43.93232727050781,3.799795627593994,-2.4025888442993164,5.609378814697266,12.326861381530762,10.779871940612793,8.108747482299805,-6.5404276847839355,-3.754091739654541,9.685787200927734,3.730686664581299,-17.741252899169922,8.198330879211426,11.896577835083008
ROU,-5.831724166870117,-2.1562747955322266,-4.359848976135254,-11.173579216003418,-11.497568130493164,41.843448638916016,1.100908875465393,-8.067072868347168,-26.595226287841797,-19.395254135131836,15.403714179992676,-4.065090656280518,-19.74593162536621,-6.591833114624023,-0.508513867855072
RUS,31.892948150634766,14.986921310424805,35.549739837646484,14.821139335632324,14.182707786560059,23.754562377929688,28.298620223999023,23.876920700073242,16.890640258789063,17.084217071533203,34.516265869140625,21.422466278076172,10.644418716430664,25.04977035522461,26.614145278930664
RWA,35.309078216552734,4.681394100189209,141.4126434326172,47.38787078857422,120.49183654785156,148.34417724609375,177.75991821289063,122.864501953125,44.6133918762207,56.51365280151367,-49.663597106933594,-88.2116928100586,147.45346069335938,249.66001892089844,-1.7974307537078857
SAU,4.382711887359619,21.68840980529785,2.722620725631714,-3.195700168609619,2.3476762771606445,11.764463424682617,12.276493072509766,6.352683067321777,-14.258072853088379,-8.34437084197998,11.389519691467285,5.89985990524292,0.9968476891517639,9.838105201721191,8.424702644348145
SDN,6.172924518585205,34.984718322753906,19.483362197875977,-5.0095534324646,3.5593483448028564,34.8641242980957,38.32173538208008,15.784894943237305,-6.307369709014893,-10.84854507446289,7.966738700866699,-2.3457140922546387,6.322790622711182,21.019268035888672,5.852072715759277
SEN,-8.180781364440918,-57.92506408691406,-18.62957191467285,-84.90990447998047,-86.47217559814453,90.191619873046875,43.048011779785156,-16.644943237304688,-7.164806365966797,-10.650683403015137,-4.339940547943115,-45.62431335449219,-44.403053283691406,14.079073905944824,-6.473728656768799
SLB,58.39236831665039,118.67711639404297,-70.03467559814453,4.592572212219238,-31.965097427368164,107.67039489746094,174.45849609375,41.697654724121094,13.119169235229492,31.062713623046875,124.91522216796875,-300.2880554199219,223.86402893066406,8.499957084655762,38.93574523925781
SLE,40.34393310546875,33.71928024291992,-15.561659812927246,-106.73261260986328,-92.55180358886719,257.93548583984375,217.27928161621094,-19.199480056762695,-1.3320761919021606,3.362823486328125,35.17405319213867,27.05062484741211,-81.49076843261719,134.78939819335938,27.672779083251953
SLV,82.94960021972656,39.02732467651367,-46.656124114990234,-47.18369674682617,-55.06429672241211,47.38706970214844,4.093550205230713,-55.577701568603516,-31.287389755249023,-0.41465333104133606,-9.589856147766113,164.15631103515625,-40.3505744934082,5.285780429840088,-29.79755973815918
SOM,56.50410079956055,-2.610508680343628,61.661582946777344,72.68635559082031,94.9258804321289,60.279945373535156,116.61343383789063,65.71428680419922,19.138521194458008,14.041008949279785,50.99931335449219,62.687469482421875,68.23291015625,123.95535278320313,52.330440521240234
SRB,-3.8578715324401855,-8.919949531555176,-2.2543487548828125,-23.094711303710938,-18.656509399414063,38.641395568847656,3.3439087867736816,-7.623244762420654,-28.83946418762207,-39.13523864746094,34.1331672668457,-21.445255279541016,-32.16916275024414,-29.268260955810547,-1.5538270473480225
SUR,-5.563012599945068,-15.981423377990723,-106.8807373046875,-44.46686553955078,-84.4244155883789,-66.35888671875,-67.18255615234375,-121.20166778564453,-21.576669692993164,-29.774627685546875,-47.04844284057617,-81.77288055419922,-182.50917053222656,-85.165191650390625,-17.32067108154297
SVK,-4.397573471069336,-16.562101364135742,11.929357528686523,-11.354966163635254,-12.769096374511719,44.91194152832031,16.41287612915039,1.3335139751434326,-30.920358657836914,1.1154648065567017,-4.927024841308594,-21.79226303100586,-16.249074935913086,-11.393757820129395,2.6227946281433105
SVN,-4.916591167449951,-52.83567810058594,18.523405075073242,-21.408832550048828,-14.790411949157715,47.570343017578125,50.734107971191406,2.6962809562683105,-14.970385551452637,4.235566139221191,-15.614317893981934,-25.335243225097656,-2.576693058013916,3.4829416275024414,-5.2878241539001465
SWE,15.367269515991211,-7.1582746505737305,38.4909782409668,6.889688014984131,13.140480041503906,27.33854103088379,33.62173080444336,29.337797164916992,-1.674979567527771,1.3537288904190063,-8.860479354858398,27.496707916259766,1.9243361949920654,28.731300354003906,8.682735443115234
SWZ,63.24689865112305,-56.495574951171875,0.915725827217102,-4.502326011657715,-42.91023635864258,56.991943359375,17.65472984313965,-27.764192581176758,42.25916290283203,9.468308448791504,-14.217005729675293,-10.416370391845703,-6.719989776611328,43.705169677734375,10.638997077941895
SYR,2.6856627464294434,-4.5912604331970215,-11.917089462280273,-25.60709571838379,-22.981199264526367,-8.147028923034668,-10.170933723449707,-4.981553554534912,-29.755836486816406,-14.500591278076172,-15.613248825073242,-8.416996955871582,-39.610923767089844,-17.032203674316406,-10.439969062805176
TCD,29.895864486694336,59.35308837890625,5.592393398284912,-42.968345642089844,-24.37117576599121,58.46061325073242,62.73848342895508,36.86150360107422,32.452674865722656,10.462640762329102,-4.701892852783203,1.4798554182052612,4.575011253356934,12.512283325195313,-14.444011688232422
TGO,11.772682189941406,-15.693465232849121,74.3023452758789,-80.973388671875,-54.67749786376953,82.83826446533203,75.80699920654297,25.23097038269043,-22.017658233642578,-24.998291015625,20.920307159423828,-91.87969970703125,41.659637451171875,28.9189453125,17.47813606262207
THA,-1.8067799806594849,-78.00516510009766,8.643387794494629,22.2484130859375,8.551554679870605,117.5172119140625,91.08126068115234,-12.40030288696289,63.67997741699219,50.31069564819336,30.66379737854004,-101.7757339477539,-40.95193862915039,24.389814376831055,-26.577228546142578
TJK,57.3613166809082,20.447704315185547,11.791865348815918,17.292434692382813,27.771892547607422,-2.64794659614563,22.99151039123535,13.346314430236816,-8.29783821105957,-4.019730567932129,30.455244064331055,16.465200424194336,35.7367057800293,5.200286388397217,43.93809127807617
TKM,25.60458755493164,3.9507665634155273,2.9766879081726074,2.6781394481658936,8.367241859436035,-4.828474521636963,5.8071608543396,4.768758773803711,4.69390344619751,5.896334171295166,16.85165023803711,0.8138356804847717,5.453032493591309,0.3030135929584503,15.806680679321289
TLS,-45.04716110229492,106.63255310058594,-141.44081115722656,-23.531770706176758,-65.82185363769531,59.85940933227539,-56.81788635253906,-51.71668243408203,-72.921630859375,-79.37096405029297,-28.85033416748047,75.9017562866211,-111.242919921875,-10.817336082458496,-21.350751876831055
TTO,9.76014518737793,-40.66569519042969,-43.039798736572266,0.6989541053771973,-16.625244140625,-89.55908966064453,-97.3824691772461,-71.052947998046875,-74.587249755859375,-28.84111213684082,-58.08318328857422,-198.16294860839844,-134.69810485839844,-58.692745208740234,-39.18571472167969
TUN,-10.987707138061523,-18.55771827697754,-19.74979019165039,-17.472457885742188,-22.955787658691406,-2.006385564804077,6.489373207092285,-24.728296279907227,-29.21952247619629,-19.42918586730957,-10.759615898132324,-37.83350372314453,-3.7213170528411865,-9.880191802978516,-10.297266960144043
TUR,4.074321269989014,-30.53708267211914,-20.334306716918945,-29.82706642150879,-21.110498428344727,4.4522175788879395,4.537755489349365,-3.922022819519043,-29.570261001586914,-28.589128494262695,10.376263618469238,-11.695496559143066,-43.920013427734375,-15.10685920715332,-7.112778186798096
TWN,38.619136810302734,26.407649993896484,-168.52139282226563,62.5650749206543,52.8215217590332,31.744951248168945,69.24708557128906,47.128578186035156,32.51502990722656,71.99407958984375,-33.686275482177734,-8.2022552490234375,36.74037551879883,-9.654988288879395,-39.70575714111328
TZA,36.86744689941406,40.64039993286133,41.629302978515625,90.954864501953125,112.0471420288086,83.57356262207031,117.38848114013672,56.30148696899414,29.54088592529297,26.637104034423828,13.131641387939453,-11.521687507629395,49.10973358154297,126.68582153320313,38.1957893371582
UGA,80.00767517089844,47.346588134765625,112.80023956298828,158.7141876220703,173.6454620361328,204.31629943847656,229.91085815429688,62.24699401855469,45.683536529541016,43.65853500366211,19.15259552001953,35.8128776550293,103.03934478759766,164.32147216796875,40.76691818237305
UKR,7.931481838226318,5.971022129058838,9.74007797241211,-3.3585827350616455,-8.0218505859375,28.19806480407715,5.071689128875732,4.2909417152404785,-29.415803909301758,-14.009747505187988,17.131816864013672,18.965240478515625,-3.8117287158966064,-5.530242919921875,4.138732433319092
URY,25.05276870727539,24.651330947875977,40.519710540771484,95.04890441894531,106.01451873779297,14.684924125671387,18.221158981323242,17.798297882080078,29.025999069213867,6.954806804656982,35.692527770996094,70.9051284790039,-28.59716033935547,23.161027908325195,31.622024536132813
USA,37.93920135498047,8.400312423706055,16.83852767944336,43.46973419189453,44.193931579589844,14.640897750854492,36.0732421875,42.355812072753906,49.42625045776367,21.393590927124023,45.26176071166992,47.87269973754883,42.379085540771484,44.89688491821289,38.70301055908203
UZB,30.513498306274414,11.66658878326416,6.604716777801514,10.641884803771973,11.826801300048828,1.7640457153320313,11.712122917175293,9.61932373046875,2.283127784729004,0.3014816641807556,13.928108215332031,15.745800971984863,15.900871276855469,4.457242488861084,21.314332962036133
VEN,7.1456990242004395,-78.364654541015625,-57.66438293457031,-2.9215235710144043,-52.98093795776367,-26.945707321166992,-16.9556827545166,-56.50661849975586,-47.904998779296875,-5.5249176025390625,-44.067283630371094,-116.80426788330078,-122.19029998779297,-45.428062438964844,-44.71160888671875
VNM,46.809993743896484,74.40013122558594,49.072147369384766,-18.3018856048584,-30.787973403930664,109.94588470458984,81.17757415771484,-34.75346374511719,-2.0209126472473145,-16.319438934326172,40.78647994995117,66.1070556640625,-72.68608093261719,10.539106369018555,29.469266891479492
VUT,-51.21706771850586,-30.991079330444336,11.135833740234375,-22.008684158325195,-49.714988708496094,40.29615020751953,-56.757015228271484,21.333988189697266,-53.04073715209961,-47.07735824584961,-104.4786376953125,-283.4799499511719,-35.96403884887695,-47.61081314086914,-49.25330352783203
PSE,19.03759002685547,-12.064820289611816,-3.9429237842559814,-20.686691284179688,-17.502683639526367,-18.413270950317383,-15.180116653442383,-0.8682038187980652,-38.61054229736328,-10.31774616241455,-0.8921579122543335,-8.71349048614502,-34.05482864379883,-17.56488800048828,0.0026993069332093
YEM,11.635626792907715,77.853759765625,80.10578155517578,-0.11547740548849106,-2.5637919902801514,97.67601013183594,82.11308288574219,29.949399948120117,-31.501604080200195,-1.5913406610488892,13.39075756072998,-19.404632568359375,22.447406768798828,54.38927459716797,10.019197463989258
ZAF,34.531951904296875,-44.939491271972656,-6.813721179962158,22.39916229248047,-0.7966015934944153,58.57494354248047,33.20430374145508,-26.265810012817383,12.872994422912598,-1.0804741382598877,7.84502649307251,-5.2265944480896,5.673460483551025,39.24284744262695,-9.630456924438477
ZMB,-31.27975082397461,-41.13568115234375,34.664554595947266,14.935486793518066,17.737058639526367,24.281299591064453,22.867176055908203,25.696754455566406,2.8016371726989746,-3.591324806213379,-37.438079833984375,-42.40888214111328,-45.147708892822266,42.66490936279297,0.030344488099217415
ZWE,-37.16399383544922,-56.38658142089844,3.149719715118408,-2.98734712600708,-4.112320423126221,0.6366705298423767,27.506790161132813,5.163469314575195,-4.841740608215332,-19.04708480834961,-47.75650405883789,-36.04142379760742,-69.64897918701172,42.42035675048828,-1.8102318048477173
ABW,4.891932964324951,-6.179091930389404,133.59170532226563,-31.986770629882813,-63.41947555541992,-21.236146926879883,-28.723743438720703,-45.039852142333984,-41.46219253540039,-3.584273338317871,-70.65216827392578,-138.92967224121094,-105.3021469116211,-30.965394973754883,-62.33546447753906
BHR,10.84823989868164,27.443117141723633,0.40755775570869446,-1.9075335264205933,6.323393821716309,9.318815231323242,7.289841175079346,9.187625885009766,-6.234070301055908,-5.194587707519531,11.06063461303711,7.72446870803833,-14.339814186096191,5.870015621185303,13.71030044555664
BRB,-9.190964698791504,-133.01622009277344,3.9239680767059326,-40.21857452392578,-57.80134201049805,-17.0524845123291,-14.630366325378418,-104.6382064819336,-89.8443603515625,-53.008060455322266,-69.49166107177734,-138.14974975585938,-70.96526336669922,-44.96910095214844,-66.940948486328125
COM,-42.91595458984375,73.73619842529297,-6.700811862945557,21.99781036376953,24.133331298828125,-14.912382125854492,14.951342582702637,0.5703889727592468,-21.566730499267578,-71.930816650390625,-12.981459617614746,-4.2778520584106445,-39.29151153564453,15.091560363769531,36.51860809326172
CPV,-0.6881324052810669,-9.022773742675781,-1.8852471113204956,-26.05364990234375,-21.79686737060547,9.005452156066895,3.289426803588867,-2.839545488357544,-7.158390522003174,-10.920759201049805,-3.346729040145874,-8.078766822814941,-8.49117374420166,2.663923740386963,-1.994702935218811
HKG,74.427276611328125,-29.240304946899414,19.201642990112305,-29.2584228515625,-41.24806213378906,79.192169189453125,158.31961059570313,27.84758186340332,122.89664459228516,41.04326629638672,-19.88890838623047,-11.95328140258789,9.130001068115234,20.018386840820313,56.638084411621094
LCA,-9.747535705566406,-126.0640640258789,-12.402612686157227,-49.14337921142578,-64.187835693359375,-5.548402786254883,-10.992980003356934,-100.52516174316406,-99.97115325927734,-47.135406494140625,-77.76538848876953,-134.12989807128906,-72.141754150390625,-39.65422821044922,-76.01771545410156
MAC,33.102874755859375,-29.240304946899414,19.201644897460938,-29.258419036865234,-41.2480583190918,79.192169189453125,158.31961059570313,27.847579956054688,122.89663696289063,41.04326629638672,-33.500186920166016,-11.95328140258789,9.130001068115234,20.018386840820313,12.313366889953613
MDV,153.4800567626953,62.690513610839844,70.336029052734375,-12.401510238647461,-50.314090728759766,97.40087890625,108.16434478759766,46.973506927490234,141.18258666992188,122.7683334350586,209.83364868164063,157.41790771484375,179.61611938476563,51.589542388916016,141.00234985351563
MLT,-8.043971061706543,-30.7979793548584,-22.738515853881836,-29.766490936279297,-37.73412322998047,2.5877065658569336,8.972553253173828,-33.02452850341797,-33.713619232177734,-13.901272773742676,-7.189666748046875,-25.9219913482666,-7.141817092895508,-19.12657928466797,-4.912802696228027
MUS,-20.099687576293945,52.15005111694336,-16.25098419189453,15.334179878234863,13.578288078308105,-46.895450592041016,22.61528778076172,8.909650802612305,-19.555498123168945,-81.6606216430664,33.543277740478516,73.75666809082031,-43.97883987426758,-3.5282957553863525,-12.05593204498291
PYF,6.611123085021973,-71.1095962524414,-53.34329605102539,40.26118850708008,81.45960235595703,-105.48641967773438,-67.761444091796875,69.32765197753906,80.09257507324219,75.4118881225586,59.81549072265625,45.57190704345703,-96.37355041503906,11.19581413269043,18.307172775268555
SGP,5.066229343414307,103.64488983154297,-1.8925118446350098,-23.204010009765625,-118.18327331542969,61.28617477416992,5.138830661773682,-35.98847579956055,-60.811767578125,23.975162506103516,-63.089141845703125,-106.84561157226563,-113.86123657226563,-36.068687438964844,-47.74314880371094
STP,108.55875396728516,111.05999755859375,19.14149284362793,12.951756477355957,82.88385772705078,-119.93470764160156,-19.045825958251953,70.10254669189453,44.98368835449219,23.425317764282227,92.449493408203125,142.14767456054688,98.95800018310547,-38.23189926147461,70.39749908447266
TON,26.904401779174805,-46.57326126098633,0.2265421599149704,-52.17679214477539,-74.58295440673828,15.164006233215332,30.02457046508789,-19.159029006958008,-39.42893600463867,-59.83652114868164,-10.707451820373535,-114.76781463623047,-35.388160705566406,-37.6441650390625,-12.429383277893066
VCT,-6.226302146911621,-136.99058532714844,-29.309967041015625,-45.308284759521484,-61.41484832763672,-12.489461898803711,-14.860424041748047,-100.32796478271484,-102.31993103027344,-46.66230773925781,-78.88008880615234,-154.2526397705078,-74.73237609863281,-41.69178771972656,-72.44713592529297
WSM,136.02748107910156,283.5738220214844,-40.032772064208984,-41.104122161865234,62.735843658447266,21.616790771484375,90.43341827392578,44.06304931640625,-53.79415512084961,60.415565490722656,40.4453010559082,87.01126861572266,-52.55746841430664,8.012359619140625,76.6643295288086
